"Процентные ставки денежно-кредитной политики (по датам изменений)*, % годовых",,,,,,,,,,,,,,,,,,,,,,,,,,,,,,,,,,,,,,,,,,,,,,,,,,,,,,,,,,,,,,,,,,,
Данные с 01.08.2000 по наст. время,,,,,,,,,,,,,,,,,,,,,,,,,,,,,,,,,,,,,,,,,,,,,,,,,,,,,,,,,,,,,,,,,,,
Дата,Ключевая ставка,Изменение ключевой ставки,Депозиты постоянного действия на стандартных условиях:,Депозиты постоянного действия на стандартных условиях:,Депозиты постоянного действия на стандартных условиях:,Депозиты постоянного действия на стандартных условиях:,Депозиты постоянного действия на стандартных условиях:,Депозиты постоянного действия на стандартных условиях:,Депозиты постоянного действия на стандартных условиях:,Депозиты постоянного действия на стандартных условиях:,Депозиты постоянного действия на стандартных условиях:,Депозиты постоянного действия на стандартных условиях:,Депозиты постоянного действия на стандартных условиях:,Депозитные аукционы на срок:,Депозитные аукционы на срок:,Депозитные аукционы на срок:,Депозитные аукционы на срок:,Депозитные аукционы на срок:,Репо постоянного действия на срок:,Репо постоянного действия на срок:,Репо постоянного действия на срок:,Репо постоянного действия на срок:,Аукционы репо на срок:,Аукционы репо на срок:,Аукционы репо на срок:,Аукционы репо на срок:,Аукционы репо на срок:,Аукционы репо на срок:,Аукционы репо на срок:,Валютные свопы постоянного действия,Валютные свопы постоянного действия,"Кредиты 
овернайт","Ломбардные кредиты постоянного действия 
на срок:","Ломбардные кредиты постоянного действия 
на срок:","Ломбардные кредиты постоянного действия 
на срок:","Ломбардные кредиты постоянного действия 
на срок:","Ломбардные кредиты постоянного действия 
на срок:","Ломбардные кредитные аукционы 
на срок:","Ломбардные кредитные аукционы 
на срок:","Ломбардные кредитные аукционы 
на срок:","Ломбардные кредитные аукционы 
на срок:","Ломбардные кредитные аукционы 
на срок:","Ломбардные кредитные аукционы 
на срок:","Кредиты постоянного действия (нерыночные активы), 
на срок:","Кредиты постоянного действия (нерыночные активы), 
на срок:","Кредиты постоянного действия (нерыночные активы), 
на срок:","Кредиты постоянного действия (нерыночные активы), 
на срок:","Кредиты постоянного действия (нерыночные активы), 
на срок:","Кредиты постоянного действия (нерыночные активы), 
на срок:","Кредиты постоянного действия (нерыночные активы), 
на срок:","Кредитные аукционы 
(нерыночные активы) на срок:","Кредитные аукционы 
(нерыночные активы) на срок:","Кредитные аукционы 
(нерыночные активы) на срок:","Кредитные аукционы 
(нерыночные активы) на срок:","Кредиты, обеспеченные золотом 
по № 362-П, на срок:","Кредиты, обеспеченные золотом 
по № 362-П, на срок:","Кредиты, обеспеченные золотом 
по № 362-П, на срок:","Кредиты, обеспеченные золотом 
по № 362-П, на срок:","Кредиты, обеспеченные золотом 
по № 362-П, на срок:","Кредиты, обеспеченные нерыночными активами 
по № 273-П, на срок:","Кредиты, обеспеченные нерыночными активами 
по № 273-П, на срок:","Кредиты, обеспеченные нерыночными активами по № 122-П",Ставка рефинансирования,Примечания,,,
Дата,Ключевая ставка,Изменение ключевой ставки,овернайт,том-некст,спот-некст,1 неделя,спот - 1 неделя,2 недели,спот - 2 недели,1 месяц,том - 1 месяц,3 месяца,до востребования,"от 1 до 6 дней
""тонкой настройки""",1 неделя,2 недели,"4 недели
1 месяц",3 месяца,1 день,1 неделя,1 год,ДМ (от 1 до 180 дней),1 день,"от 1 до 6 дней
""тонкой настройки""",1 неделя,1 месяц,3 месяца,6 месяцев,12 месяцев,По рублевой части,По валютной части**,"Кредиты 
овернайт",1 день,7 дней,30 дней,от 2 до 30 дней,от 31 до 90 дней,1 неделя,2 недели,3 месяца,6 месяцев,12 месяцев,36 месяцев,1 день,от 2 до 30 дней,от 31 до 90 дней,от 91 до 180 дней,от 181 до 365 дней,от 366 до 549 дней,ДМ (от 1 до 180 дней),1-3 недели,3 месяца,12 месяцев,18 месяцев,1 день,от 2 до 90 дней,от 91 до 180 дней,от 181 до 365 дней,от 366 до 549 дней,от 1 до 90 дней,от 91 до 180 дней,"Кредиты, обеспеченные нерыночными активами по № 122-П",Ставка рефинансирования,Примечания,,,
2000-08-01 00:00:00, — , — ,1.2,1.5,1.8,4,4.5,5,5.5,7, — ,9, — , — , — , — , — , — , — , — , — , — , — , — , — , — , — , — , — , — , — ,25, — , — , — , — , — , — , — , — , — , — , — , — , — , — , — , — , — , — , — , — , — , — , — , — , — , — , — , — , — , — ,28,,,,
2000-10-09 00:00:00, — , — ,1.2,1.5,1.8,4,4.5,5,5.5,7, — ,9, — , — , — , — , — , — , — , — , — , — , — , — , — , — , — , — , — , — , — ,25, — , — , — , — , — , — , — , — , — , — , — , — , — , — , — , — , — , — , — , — , — , — , — , — , — , — , — , — , — ,"0,5*ref",28,"ввод кредитов ПД 122-П, ставки в привязке к ставке реф",,,
2000-11-04 00:00:00, — , — ,1,1.2,1.5,3.5,4,4.5,5,7, — ,9, — , — , — , — , — , — , — , — , — , — , — , — , — , — , — , — , — , — , — ,22, — , — , — , — , — , — , — , — , — , — , — , — , — , — , — , — , — , — , — , — , — , — , — , — , — , — , — , — , — ,"0,5*ref",25,"снизили депо ПД (кроме 1 и 3 мес), кр овернайт, ставку реф ",,,
2000-11-27 00:00:00, — , — ,1.5,1.8,2,5,5.5,6.5,7,8, — ,10, — , — , — , — , — , — , — , — , — , — , — , — , — , — , — , — , — , — , — ,22, — , — , — , — , — , — , — , — , — , — , — , — , — , — , — , — , — , — , — , — , — , — , — , — , — , — , — , — , — ,"0,5*ref",25,повысили депо ПД,,,
2001-01-15 00:00:00, — , — ,1.5,1.8,2,6,6.5,7,7.5,8, — ,10, — , — , — , — , — , — , — , — , — , — , — , — , — , — , — , — , — , — , — ,22, — , — , — , — , — , — , — , — , — , — , — , — , — , — , — , — , — , — , — , — , — , — , — , — , — , — , — , — , — ,"0,5*ref",25,повысили депо ПД 1 и 2 нед,,,
2001-06-21 00:00:00, — , — ,2,2.3,2.5,7,7.5,8.5,9,10, — ,12, — , — , — , — , — , — , — , — , — , — , — , — , — , — , — , — , — , — , — ,22, — , — , — , — , — , — , — , — , — , — , — , — , — , — , — , — , — , — , — , — , — , — , — , — , — , — , — , — , — ,"0,5*ref",25,повысили депо ПД,,,
2001-07-12 00:00:00, — , — ,2,2.3,2.5,7.5,8,9,9.5,10, — ,12, — , — , — , — , — , — , — , — , — , — , — , — , — , — , — , — , — , — , — ,22, — , — , — , — , — , — , — , — , — , — , — , — , — , — , — , — , — , — , — , — , — , — , — , — , — , — , — , — , — ,"0,5*ref",25,повысили депо ПД 1 и 2 нед,,,
2001-08-30 00:00:00, — , — ,2,2.3,2.5,7.5,8,9,9.5,10, — ,12,2.7, — , — , — , — , — , — , — , — , — , — , — , — , — , — , — , — , — , — ,22, — , — , — , — , — , — , — , — , — , — , — , — , — , — , — , — , — , — , — , — , — , — , — , — , — , — , — , — , — ,"0,5*ref",25,ввод депо ПД call,,,
2001-10-10 00:00:00, — , — ,2.5,2.8,3,8,8.5,9,9.5,10, — ,12,3.2, — , — , — , — , — , — , — , — , — , — , — , — , — , — , — , — , — , — ,22, — , — , — , — , — , — , — , — , — , — , — , — , — , — , — , — , — , — , — , — , — , — , — , — , — , — , — , — , — ,"0,5*ref",25,"повысили депо ПД 1 д, 1 нед, call",,,
2001-12-03 00:00:00, — , — ,3,3.3,3.5,9,9.5,10,10.5,11, — ,12.5,3.7, — , — , — , — , — , — , — , — , — , — , — , — , — , — , — , — , — , — ,22, — , — , — , — , — , — , — , — , — , — , — , — , — , — , — , — , — , — , — , — , — , — , — , — , — , — , — , — , — ,"0,5*ref",25,повысили депо ПД,,,
2001-12-11 00:00:00, — , — ,3.5,3.7,3.9,10,10.5,11,11.5,12, — ,14,4, — , — , — , — , — , — , — , — , — , — , — , — , — , — , — , — , — , — ,22, — , — , — , — , — , — , — , — , — , — , — , — , — , — , — , — , — , — , — , — , — , — , — , — , — , — , — , — , — ,"0,5*ref",25,повысили депо ПД,,,
2001-12-18 00:00:00, — , — ,4.2,4.5,5,11,11.5,12.5,12.9,14, — ,14.5,5.2, — , — , — , — , — , — , — , — , — , — , — , — , — , — , — , — , — , — ,22, — , — , — , — , — , — , — , — , — , — , — , — , — , — , — , — , — , — , — , — , — , — , — , — , — , — , — , — , — ,"0,5*ref",25,повысили депо ПД,,,
2002-01-09 00:00:00, — , — ,4.8,5.2,5.6,12,12.5,13,13.5,14, — ,14.5,6, — , — , — , — , — , — , — , — , — , — , — , — , — , — , — , — , — , — ,22, — , — , — , — , — , — , — , — , — , — , — , — , — , — , — , — , — , — , — , — , — , — , — , — , — , — , — , — , — ,"0,5*ref",25,повысили депо ПД (кроме 1 и 3 мес),,,
2002-04-09 00:00:00, — , — ,4,4.5,5,11,11.5,12,12.5,13, — ,13.5,5.5, — , — , — , — , — , — , — , — , — , — , — , — , — , — , — , — , — , — ,20, — , — , — , — , — , — , — , — , — , — , — , — , — , — , — , — , — , — , — , — , — , — , — , — , — , — , — , — , — ,12.5,23,"снизили депо ПД, кр овернайт, ставку реф, ставки кр 122-П отвязали от ставки реф (с 08.04.2002)",,,
2002-05-20 00:00:00, — , — ,4,4.5,5,8,8.5,10,10.5,13, — ,13.5,5.5, — , — , — , — , — , — , — , — , — , — , — , — , — , — , — , — , — , — ,20, — , — , — , — , — , — , — , — , — , — , — , — , — , — , — , — , — , — , — , — , — , — , — , — , — , — , — , — , — ,12.5,23,снизили депо ПД 1 и 2 нед,,,
2002-06-05 00:00:00, — , — ,3,3.5,4,7,7.5,9,9.5,13, — ,13.5,4.5, — , — , — , — , — , — , — , — , — , — , — , — , — , — , — , — , — , — ,20, — , — , — , — , — , — , — , — , — , — , — , — , — , — , — , — , — , — , — , — , — , — , — , — , — , — , — , — , — ,12.5,23,снизили депо ПД (кроме 1 и 3 мес),,,
2002-08-07 00:00:00, — , — ,3,3.5,4,5,5.5,7,7.5,11, — ,12,4.5, — , — , — , — , — , — , — , — , — , — , — , — , — , — , — , — , — , — ,18, — , — , — , — , — , — , — , — , — , — , — , — , — , — , — , — , — , — , — , — , — , — , — , — , — , — , — , — , — ,12.5,21,"снизили депо ПД 1 и 2 нед, 1 и 3 мес, кр овернайт и ставку реф ",,,
2002-09-26 00:00:00, — , — ,3,3.5,4,5,5.5,7,7.5,11, — ,12,4.5, — , — , — , — , — , — , — , — , — , — , — , — , — , — , — , — ,18, — ,18, — , — , — , — , — , — , — , — , — , — , — , — , — , — , — , — , — , — , — , — , — , — , — , — , — , — , — , — , — ,12.5,21,ввод свопов,,,
2002-11-18 00:00:00, — , — ,3,3.5,4, — , — , — , — , — , — , — ,4.5, — , — , — , — , — , — , — , — , — , — , — , — , — , — , — , — ,18, — ,18, — , — , — , — , — , — , — , — , — , — , — , — , — , — , — , — , — , — , — , — , — , — , — , — , — , — , — , — , — ,12.5,21,"отмена депо ПД 2 нед, 1 и 3 мес, ввод репо А 1 д (без мин ставки) ",,,
2002-11-21 00:00:00, — , — ,3,3,3,3,3, — , — , — , — , — ,3, — , — , — , — , — , — , — , — , — , — , — , — , — , — , — , — ,18, — ,18, — , — , — , — , — , — , — , — , — , — , — , — , — , — , — , — , — , — , — , — , — , — , — , — , — , — , — , — , — ,12.5,21,"выравнивание по депо ПД, ввод депо А 2 нед (без макс ставки)",,,
2003-02-17 00:00:00, — , — ,1,1,1,2,2, — , — , — , — , — ,1, — , — ,8, — , — , — , — , — , — ,7, — , — , — , — , — , — ,18, — ,18, — , — , — , — , — , — , — , — , — , — , — , — , — , — , — , — , — , — , — , — , — , — , — , — , — , — , — , — , — ,12.5,18,"снизили депо ПД, ставку реф (= свопы = кр овернайт), дифф депо ПД, депо ПД = процент за кал день, ввод макс ставка депо А 2 нед, мин ставка репо А 1 д",,,
2003-03-07 00:00:00, — , — , — ,1,1,2,2, — , — , — , — , — ,1, — , — ,8, — , — , — , — , — , — ,7, — , — , — , — , — , — ,18, — ,18, — , — , — , — , — , — , — , — , — , — , — , — , — , — , — , — , — , — , — , — , — , — , — , — , — , — , — , — , — ,12.5,18,отмена депо ПД овернайт,,,
2003-05-20 00:00:00, — , — , — ,1,1,2,2, — , — , — , — , — ,1, — , — ,7, — , — , — , — , — , — ,6, — , — , — , — , — , — ,18, — ,18, — , — , — , — , — , — , — , — , — , — , — , — , — , — , — , — , — , — , — , — , — , — , — , — , — , — , — , — , — ,11,18,"снизили депо А, репо А, кр 122-П",,,
2003-05-29 00:00:00, — , — , — ,1,1,2,2, — , — , — , — , — ,1, — , — ,7, — ,9, — , — , — , — ,6, — , — , — , — , — , — ,18, — ,18, — , — , — , — , — , — , — , — , — , — , — , — , — , — , — , — , — , — , — , — , — , — , — , — , — , — , — , — , — ,11,18,ввод депо А 3 мес,,,
2003-06-02 00:00:00, — , — , — ,0.5,0.5,1,1, — , — , — , — , — ,0.5, — , — ,7, — ,9, — , — , — , — ,6, — , — , — , — , — , — ,18, — ,18, — , — , — , — , — , — , — , — , — , — , — , — , — , — , — , — , — , — , — , — , — , — , — , — , — , — , — , — , — ,11,18,снизили депо ПД,,,
2003-06-21 00:00:00, — , — , — ,0.5,0.5,1,1, — , — , — , — , — ,0.5, — , — ,7, — ,9, — , — , — , — ,6, — , — , — , — , — , — ,16, — ,16, — , — , — , — , — , — , — , — , — , — , — , — , — , — , — , — , — , — , — , — , — , — , — , — , — , — , — , — , — ,11,16,"снизили свопы, кр овернайт, ставку реф ",,,
2003-08-01 00:00:00, — , — , — ,0.5,0.5,1,1, — , — , — , — , — ,0.5, — , — ,7, — ,10, — , — , — , — ,6, — , — , — , — , — , — ,16, — ,16, — , — , — , — , — , — , — , — , — , — , — , — , — , — , — , — , — , — , — , — , — , — , — , — , — , — , — , — , — ,11,16,повысили депо А 3 мес,,,
2003-10-14 00:00:00, — , — , — ,0.5,0.5,1,1, — , — , — , — , — ,0.5, — , — ,7, — ,10, — , — , — , — ,6, — ,6.5, — ,9, — , — ,16, — ,16, — , — , — , — , — , — ,7, — , — , — , — , — , — , — , — , — , — , — , — , — , — , — , — , — , — , — , — , — , — ,11,16,"ввод репо А 1 нед и 3 мес, ломб А 2 нед",,,
2004-01-15 00:00:00, — , — , — ,0.5,0.5,1,1, — , — , — , — , — ,0.5, — , — ,7, — ,10, — , — , — , — ,6, — ,6.5, — ,9, — , — ,14, — ,14, — , — , — , — , — , — ,7, — , — , — , — , — , — , — , — , — , — , — , — , — , — , — , — , — , — , — , — , — , — ,10,14,"снизили свопы, кр овернайт, ставку реф, кр 122-П",,,
2004-02-05 00:00:00, — , — , — ,0.5,0.5,1,1, — , — , — , — , — ,0.5, — , — , — ,9,10, — , — , — , — ,6, — ,6.5, — ,9, — , — ,14, — ,14, — , — , — , — , — , — ,7, — , — , — , — , — , — , — , — , — , — , — , — , — , — , — , — , — , — , — , — , — , — ,10,14,"ввод депо А 1 мес, отмена депо А 2 нед",,,
2004-06-11 00:00:00, — , — , — ,0.5,0.5,1,1, — , — , — , — , — ,0.5, — , — , — ,9,10, — , — , — , — ,6, — ,6.5, — ,9, — , — ,14,ставки ЦБ,14, — , — , — , — , — , — ,7, — , — , — , — , — , — , — , — , — , — , — , — , — , — , — , — , — , — , — , — , — , — ,10,14,ввод ставки по инвалютной части свопов,,,
2004-06-15 00:00:00, — , — , — ,0.5,0.5,1,1, — , — , — , — , — ,0.5, — , — , — ,9,10, — , — , — , — ,6, — ,6.5, — ,9, — , — ,13,ставки ЦБ,13, — , — , — , — , — , — ,7, — , — , — , — , — , — , — , — , — , — , — , — , — , — , — , — , — , — , — , — , — , — ,10,13,"снизили свопы, кр овернайт, ставку реф ",,,
2005-04-11 00:00:00, — , — , — ,0.5,0.5,1,1, — , — , — , — , — ,0.5, — , — , — ,9,10, — , — , — , — ,6, — ,6.5, — ,9, — , — ,13,ставки ЦБ,13, — ,правило, — , — , — , — ,7, — , — , — , — , — , — , — , — , — , — , — , — , — , — , — , — , — , — , — , — , — , — ,10,13,"ввод ломб ПД 1 нед, ставка по правилу: срвзв ломб А или, если два ломб А не сост, ставка реф ",,,
2005-08-28 00:00:00, — , — , — ,0.5,0.5,1,1, — , — , — , — , — ,0.5, — , — , — ,9,10, — , — , — , — ,6, — ,6.5, — ,9, — , — ,13,ставки ЦБ,13, — ,правило, — , — , — , — ,7, — , — , — , — , — , — , — , — , — , — , — , — , — , — , — , — , — , — , — , — ,7.8,9.75,10,13,"ввод кредитов ПД 273-П, ставки в привязке к ставке реф",,,
2005-12-26 00:00:00, — , — , — ,0.5,0.5,1,1, — , — , — , — , — ,0.5, — , — , — ,9,10, — , — , — , — ,6, — ,6.5, — ,9, — , — ,12,ставки ЦБ,12, — ,правило, — , — , — , — ,7, — , — , — , — , — , — , — , — , — , — , — , — , — , — , — , — , — , — , — , — ,7.199999999999999,9,10,12,"снизили свопы, кр овернайт, ставку реф, кр 273-П",,,
2006-03-06 00:00:00, — , — , — ,1,1,1.5,1.5, — , — , — , — , — ,1, — , — , — ,9,10, — , — , — , — ,6, — ,6.5, — ,9, — , — ,12,ставки ЦБ,12, — ,правило, — , — , — , — ,7, — , — , — , — , — , — , — , — , — , — , — , — , — , — , — , — , — , — , — , — ,7.199999999999999,9,10,12,повысили депо ПД,,,
2006-04-10 00:00:00, — , — , — ,1.5,1.5,2,2, — , — , — , — , — ,1.5, — , — , — ,9,10, — , — , — , — ,6, — ,6.5, — ,9, — , — ,12,ставки ЦБ,12, — ,правило, — , — , — , — ,7, — , — , — , — , — , — , — , — , — , — , — , — , — , — , — , — , — , — , — , — ,7.199999999999999,9,10,12,повысили депо ПД,,,
2006-06-26 00:00:00, — , — , — ,1.5,1.5,2,2, — , — , — , — , — ,1.5, — , — , — ,9,10, — , — , — , — ,6, — ,6.5, — ,9, — , — ,11.5,ставки ЦБ,11.5, — ,правило, — , — , — , — ,7, — , — , — , — , — , — , — , — , — , — , — , — , — , — , — , — , — , — , — , — ,6.8999999999999995,8.625,10,11.5,"снизили свопы, кр овернайт, ставку реф, кр 273-П",,,
2006-08-07 00:00:00, — , — , — ,2,2,2.5,2.5, — , — , — , — , — ,2, — , — , — ,9,10, — , — , — , — ,6, — ,6.5, — ,9, — , — ,11.5,ставки ЦБ,11.5, — ,правило, — , — , — , — ,7, — , — , — , — , — , — , — , — , — , — , — , — , — , — , — , — , — , — , — , — ,6.8999999999999995,8.625,10,11.5,повысили депо ПД,,,
2006-10-23 00:00:00, — , — , — ,2,2,2.5,2.5, — , — , — , — , — ,2, — , — , — ,9,10, — , — , — , — ,6, — ,6.5, — ,9, — , — ,11,ставки ЦБ,11, — ,правило, — , — , — , — ,7, — , — , — , — , — , — , — , — , — , — , — , — , — , — , — , — , — , — , — , — ,6.6,8.25,10,11,"снизили свопы, кр овернайт, ставку реф, кр 273-П",,,
2006-12-11 00:00:00, — , — , — ,2.25,2.25,2.75,2.75, — , — , — , — , — ,2.25, — , — , — ,9,10, — , — , — , — ,6, — ,6.5, — ,9, — , — ,11,ставки ЦБ,11, — ,правило, — , — , — , — ,7, — , — , — , — , — , — , — , — , — , — , — , — , — , — , — , — , — , — , — , — ,6.6,8.25,10,11,повысили депо ПД,,,
2007-01-29 00:00:00, — , — , — ,2.25,2.25,2.75,2.75, — , — , — , — , — ,2.25, — , — , — ,9,10, — , — , — , — ,6, — ,6.5, — ,9, — , — ,10.5,ставки ЦБ,10.5, — ,правило, — , — , — , — ,7, — , — , — , — , — , — , — , — , — , — , — , — , — , — , — , — , — , — , — , — ,6.3,7.875,10,10.5,"снизили свопы, кр овернайт, ставку реф, кр 273-П",,,
2007-04-02 00:00:00, — , — , — ,2.5,2.5,3,3, — , — , — , — , — ,2.5, — , — , — ,9,10, — , — , — , — ,6, — ,6.5, — ,9, — , — ,10.5,ставки ЦБ,10.5, — ,правило, — , — , — , — ,7, — , — , — , — , — , — , — , — , — , — , — , — , — , — , — , — , — , — , — , — ,6.3,7.875,10,10.5,повысили депо ПД,,,
2007-06-19 00:00:00, — , — , — ,2.5,2.5,3,3, — , — , — , — , — ,2.5, — , — , — ,9,10, — , — , — , — ,6, — ,6.5, — ,9, — , — ,10,ставки ЦБ,10, — ,правило, — , — , — , — ,7, — , — , — , — , — , — , — , — , — , — , — , — , — , — , — , — , — , — , — , — ,6,7.5,9,10,"снизили свопы, кр овернайт, ставку реф, кр 273-П, кр 122-П",,,
2007-08-14 00:00:00, — , — , — ,2.75,2.75,3.25,3.25, — , — , — , — , — ,2.75, — , — , — ,9,10, — , — , — , — ,6, — ,6.5, — ,9, — , — ,10,ставки ЦБ,10, — ,правило, — , — , — , — ,7, — , — , — , — , — , — , — , — , — , — , — , — , — , — , — , — , — , — , — , — ,6,7.5,9,10,повысили депо ПД,,,
2007-10-11 00:00:00, — , — , — ,2.75,2.75,3.25,3.25, — , — , — , — , — ,2.75, — , — , — ,9,10, — , — , — , — ,6, — ,6.5, — ,9, — , — ,8,ставки ЦБ,10, — ,правило, — , — , — , — ,7, — , — , — , — , — , — , — , — , — , — , — , — , — , — , — , — , — , — , — , — ,7,8,9,10,"снизили свопы, повысили кр 273-П, оба инструмента отвязали от ставки реф, ставка по ломб ПД 1 нед, если два ломб А не сост, 8% годовых",,,
2007-11-28 00:00:00, — , — , — ,2.75,2.75,3.25,3.25, — , — , — , — , — ,2.75, — , — , — ,9,10,8,7, — , — ,6, — ,6.5, — ,9, — , — ,8,ставки ЦБ,10,8,правило, — , — , — , — ,7, — , — , — , — , — , — , — , — , — , — , — , — , — , — , — , — , — , — , — , — ,7,8,9,10,"ввод репо ПД 1 д и 1 нед, ломб ПД 1 д, репо ПД 1 д = ломб ПД 1 д = свопы ",,,
2008-02-04 00:00:00, — , — , — ,3,3,3.5,3.5, — , — , — , — , — ,3, — , — , — ,9,10,8.25,7.25, — , — ,6.25, — ,6.75, — ,9.75, — , — ,8.25,ставки ЦБ,10.25,8.25,правило, — , — , — , — ,7.25, — , — , — , — , — , — , — , — , — , — , — , — , — , — , — , — , — , — , — , — ,7.25,8.25,9.25,10.25,"повысили все, кроме депо А, ставка по ломб ПД 1 нед, если два ломб А не сост, 8,25% годовых",,,
2008-03-02 00:00:00, — , — , — ,3,3,3.5,3.5, — , — , — , — , — ,3, — , — , — ,9,10,8.25,7.25, — , — ,6.25, — ,6.75, — ,9.75, — , — ,8.25,ставки ЦБ,10.25,8.25,правило, — , — , — , — ,7.25, — , — , — , — ,9.25,9.25, — , — , — , — , — , — , — , — , — , — , — , — , — , — ,7.25,8.25, — ,10.25,"ввод кредитов ПД 312-П, отмена кр 122-П",,,
2008-04-29 00:00:00, — , — , — ,3.25,3.25,3.75,3.75, — , — , — , — , — ,3.25, — , — , — ,9,10,8.5,7.5, — , — ,6.5, — ,7, — ,9.75, — , — ,8.5,ставки ЦБ,10.5,8.5,правило, — , — , — , — ,7.5, — , — , — , — ,9.5,9.5, — , — , — , — , — , — , — , — , — , — , — , — , — , — ,7.5,8.5, — ,10.5,"повысили все, кроме депо А, репо А 3 мес, ставка по ломб ПД 1 нед, если два ломб А не сост, 8,5% годовых",,,
2008-06-10 00:00:00, — , — , — ,3.5,3.5,4,4, — , — , — , — , — ,3.5, — , — , — ,9,10,8.75,7.75, — , — ,6.75, — ,7.25, — ,9.75, — , — ,8.75,ставки ЦБ,10.75,8.75,правило, — , — , — , — ,7.75, — , — , — , — ,9.75,9.75, — , — , — , — , — , — , — , — , — , — , — , — , — , — ,7.75,8.75, — ,10.75,"повысили все, кроме депо А, репо А 3 мес, ставка по ломб ПД 1 нед, если два ломб А не сост, 8,75% годовых",,,
2008-07-14 00:00:00, — , — , — ,3.75,3.75,4.25,4.25, — , — , — , — , — ,3.75, — , — , — ,9,10,9,8, — , — ,7, — ,7.5, — ,9.75, — , — ,9,ставки ЦБ,11,9,правило, — , — , — , — ,8, — , — , — , — ,10,10, — , — , — , — , — , — , — , — , — , — , — , — , — , — ,8,9, — ,11,"повысили все, кроме депо А, репо А 3 мес, ставка по ломб ПД 1 нед, если два ломб А не сост, 9% годовых",,,
2008-09-18 00:00:00, — , — , — ,3.75,3.75,4.25,4.25, — , — , — , — , — ,3.75, — , — , — ,9,10,8,8, — , — ,7, — ,7.5, — ,9.75, — , — ,8,ставки ЦБ,11,8,правило, — , — , — , — ,7.5, — , — , — , — ,9.5,9.5, — , — , — , — , — , — , — , — , — , — , — , — , — , — ,7.5,8.5, — ,11,"снизили репо ПД 1 д, свопы, ломб ПД 1 д, ломб А 2 нед, кр ПД 312-П, кр 273-П",,,
2008-10-15 00:00:00, — , — , — ,4.25,4.25,4.75,4.75, — , — , — , — , — ,4.25, — , — , — ,9,10,8,8, — , — ,7, — ,7.5, — ,8.5, — , — ,10,ставки ЦБ,11,8,правило, — , — , — , — ,7.5, — , — , — , — ,9,9, — , — , — , — , — , — , — , — , — , — , — , — , — , — ,7.5,8.5, — ,11,"повысили депо ПД, свопы, снизили репо А 3 мес, кр ПД 312-П, ставка по ломб ПД 1 нед, если два ломб А не сост, 8% годовых",,,
2008-10-20 00:00:00, — , — , — ,4.25,4.25,4.75,4.75, — , — , — , — , — ,4.25, — , — , — ,9,10,8,8, — , — ,7, — ,7.5, — ,8.5, — , — ,10,ставки ЦБ,11,8,правило,8, — , — , — ,7.5,8.5, — , — , — ,9,9,9, — , — , — , — , — , — , — , — , — , — , — , — , — ,7.5,8.25, — ,11,"снизили 273-П от 91 до 180 д, ввод ломб ПД 30 д, ломб А 3 мес, кредитов ПД по 312-П от 31 до 90 д",,,
2008-10-24 00:00:00, — , — , — ,4.75,4.75,5.25,5.25, — , — , — , — , — ,4.75, — , — , — ,9,10,8,8, — , — ,7, — ,7.5, — ,8.5, — , — ,10,ставки ЦБ,11,8,правило,8, — , — , — ,7.5,8.5, — , — , — ,9,9,9, — , — , — , — , — , — , — , — , — , — , — , — , — ,7.5,8.25, — ,11,повысили депо ПД ,,,
2008-11-12 00:00:00, — , — , — ,5.75,5.75,6.25,6.25, — , — , — , — , — ,5.75, — , — , — ,9,10,9,9, — , — ,8, — ,8.5, — ,9.5, — , — ,12,ставки ЦБ,12,9,правило,9, — , — , — ,8.5,9.5, — , — , — ,10,10,10, — , — , — , — , — , — , — , — , — , — , — , — , — ,8.5,9.25, — ,12,"повысили все, кроме депо А, ставка по ломб ПД 1 нед, если два ломб А не сост, 9% годовых",,,
2008-12-01 00:00:00, — , — , — ,6.75,6.75,7.25,7.25, — , — , — , — , — ,6.75, — , — , — ,9,10,10,10, — , — ,9, — ,9.5, — ,10.5, — , — ,13,ставки ЦБ,13,10,правило,10.25, — , — , — ,9.5,10.5, — , — , — ,11,11,11,12, — , — , — , — , — , — , — , — , — , — , — , — ,11,12, — ,13,"повысили все, кроме депо А, ввод кредитов ПД 312-П от 91 до 180 д, ставка по ломб ПД 1 нед, если два ломб А не сост, 10% годовых",,,
2008-12-11 00:00:00, — , — , — ,6.75,6.75,7.25,7.25, — , — , — , — , — ,6.75, — , — , — ,9,10,10,10, — , — ,9, — ,9.5, — ,10.5,11.25,11.75,13,ставки ЦБ,13,10,правило,10.25, — , — , — ,9.5,10.5,11.25,11.75, — ,11,11,11,12, — , — , — , — , — , — , — , — , — , — , — , — ,11,12, — ,13,ввод репо А 6 и 12 мес и ломб А 6 и 12 мес,,,
2009-01-01 00:00:00, — , — , — ,6.75,6.75,7.25,7.25, — , — , — , — , — ,6.75, — , — , — ,9,10,10,10, — , — ,9, — ,9.5, — ,10.5,11.25,11.75,13,ставки ЦБ,13,10,правило,10.25, — , — , — ,9.5,10.5,11.25,11.75, — ,11,11,11,12, — , — , — , — , — , — , — , — , — , — , — , — , — , — , — ,13,отмена кр 273-П,,,
2009-01-20 00:00:00, — , — , — ,6.75,6.75,7.25,7.25, — , — , — , — , — ,6.75, — , — , — ,9,10,10,10, — , — ,9, — ,9.5, — ,10.5,11.25,11.75,13,ставки ЦБ,13,10,правило,10.25, — , — , — ,9.5,10.5,11.25,11.75, — ,11,11,11,12,13, — , — , — , — , — , — , — , — , — , — , — , — , — , — ,13,ввод кредитов ПД 312-П от 181 до 365 д,,,
2009-02-02 00:00:00, — , — , — ,6.75,6.75,7.25,7.25, — , — , — , — , — ,6.75, — , — , — ,9,10,11,11, — , — ,9, — ,9.5, — ,10.5,11.25,11.75,13,ставки ЦБ,13,11,правило,11, — , — , — ,9.5,10.5,11.25,11.75, — ,11.25,11.25,11.25,12,13, — , — , — , — , — , — , — , — , — , — , — , — , — , — ,13,"повысили репо ПД, ломб ПД, кр ПД 312-П от 1 до 90 д, ставки по ломб ПД 1 нед, если два ломб А не сост, 11% годовых",,,
2009-02-10 00:00:00, — , — , — ,7.75,7.75,8.25,8.25, — , — , — , — , — ,7.75, — , — , — ,10,11,12,12, — , — ,10, — ,10.5, — ,11.5,12.25,12.75,13,ставки ЦБ,13,12,12,12, — , — , — ,10.5,11.5,12.25,12.75, — ,12,12,12,12.5,13, — , — , — , — , — , — , — , — , — , — , — , — , — , — ,13,"повысили все, кроме свопы, кр овернайт, ставки реф, кр ПД 312-П от 181 до 365 д, ставки по ломб ПД 1 нед отвязали от ломб А",,,
2009-04-24 00:00:00, — , — , — ,7.25,7.25,7.75,7.75, — , — , — , — , — ,7.25, — , — , — ,9.5,10.5,11.5,11.5, — , — ,9.5, — ,10, — ,11,11.75,12.25,12.5,ставки ЦБ,12.5,11.5,11.5,11.5, — , — , — ,10,11,11.75,12.25, — ,11.5,11.5,11.5,12,12.5, — , — , — , — , — , — , — , — , — , — , — , — , — , — ,12.5,снизили все,,,
2009-05-14 00:00:00, — , — , — ,6.75,6.75,7.25,7.25, — , — , — , — , — ,6.75, — , — , — ,9,10,11,11, — , — ,9, — ,9.5, — ,10.75,11.25,11.75,12,ставки ЦБ,12,11,11,11, — , — , — ,9.5,10.75,11.25,11.75, — ,11,11,11,11.5,12, — , — , — , — , — , — , — , — , — , — , — , — , — , — ,12,снизили все,,,
2009-06-05 00:00:00, — , — , — ,6.25,6.25,6.75,6.75, — , — , — , — , — ,6.25, — , — , — ,8.5,9.5,10.5,10.5,11.25, — ,8.5, — ,9, — ,10.25,10.75,11.25,11.5,ставки ЦБ,11.5,10.5,10.5,10.5, — , — , — ,9,10.25,10.75,11.25, — ,10.5,10.5,10.5,11,11.5, — , — , — , — , — , — , — , — , — , — , — , — , — , — ,11.5,"снизили все, ввод репо ПД 1 год",,,
2009-07-13 00:00:00, — , — , — ,5.75,5.75,6.25,6.25, — , — , — , — , — ,5.75, — , — , — ,8,9,10,10,10.75, — ,8, — ,8.5, — ,9.75,10.25,10.75,11,ставки ЦБ,11,10,10,10, — , — , — ,8.5,9.75,10.25,10.75, — ,10,10,10,10.5,11, — , — , — , — , — , — , — , — , — , — , — , — , — , — ,11,снизили все,,,
2009-08-10 00:00:00, — , — , — ,5.5,5.5,6,6, — , — , — , — , — ,5.5, — , — , — ,7.75,8.75,9.75,9.75,10.5, — ,7.75, — ,8.25, — ,9.5,10,10.5,10.75,ставки ЦБ,10.75,9.75,9.75,9.75, — , — , — ,8.25,9.5,10,10.5, — ,9.75,9.75,9.75,10.25,10.75, — , — , — , — , — , — , — , — , — , — , — , — , — , — ,10.75,снизили все,,,
2009-09-15 00:00:00, — , — , — ,5.25,5.25,5.75,5.75, — , — , — , — , — ,5.25, — , — , — ,7.5,8.5,9.5,9.5,10.25, — ,7.5, — ,8, — ,9.25,9.75,10.25,10.5,ставки ЦБ,10.5,9.5,9.5,9.5, — , — , — ,8,9.25,9.75,10.25, — ,9.5,9.5,9.5,10,10.5, — , — , — , — , — , — , — , — , — , — , — , — , — , — ,10.5,снизили все,,,
2009-09-30 00:00:00, — , — , — ,4.75,4.75,5.25,5.25, — , — , — , — , — ,4.75, — , — , — ,7,8,9,9,9.75, — ,7.25, — ,7.25, — ,8.75,9.25,9.75,10,ставки ЦБ,10,9,9,9, — , — , — ,7.25,8.75,9.25,9.75, — ,9,9,9,9.5,10, — , — , — , — , — , — , — , — , — , — , — , — , — , — ,10,снизили все,,,
2009-10-30 00:00:00, — , — , — ,4.25,4.25,4.75,4.75, — , — , — , — , — ,4.25, — , — , — ,6.5,7.5,8.5,8.5,9.25, — ,6.75, — ,6.75, — ,8.25,8.75,9.25,9.5,ставки ЦБ,9.5,8.5,8.5,8.5, — , — , — ,6.75,8.25,8.75,9.25, — ,8.5,8.5,8.5,9,9.5, — , — , — , — , — , — , — , — , — , — , — , — , — , — ,9.5,снизили все,,,
2009-11-25 00:00:00, — , — , — ,3.75,3.75,4.25,4.25, — , — , — , — , — ,3.75, — , — , — ,6,7,8,8,8.75, — ,6.25, — ,6.25, — ,7.75,8.25,8.75,9,ставки ЦБ,9,8,8,8, — , — , — ,6.25,7.75,8.25,8.75, — ,8,8,8,8.5,9, — , — , — , — , — , — , — , — , — , — , — , — , — , — ,9,снизили все,,,
2009-12-28 00:00:00, — , — , — ,3.5,3.5,4,4, — , — , — , — , — ,3.5, — , — , — ,5.75,6.75,7.75,7.75,8.5, — ,6, — ,6, — ,7.5,8,8.5,8.75,ставки ЦБ,8.75,7.75,7.75,7.75, — , — , — ,6,7.5,8,8.5, — ,7.75,7.75,7.75,8.25,8.75, — , — , — , — , — , — , — , — , — , — , — , — , — , — ,8.75,снизили все,,,
2010-02-24 00:00:00, — , — , — ,3.25,3.25,3.75,3.75, — , — , — , — , — ,3.25, — , — , — ,5.5,6.5,7.5,7.5,8.25, — ,5.75, — ,5.75, — ,7.25,7.75,8.25,8.5,ставки ЦБ,8.5,7.5,7.5,7.5, — , — , — ,5.75,7.25,7.75,8.25, — ,7.5,7.5,7.5,8,8.5, — , — , — , — , — , — , — , — , — , — , — , — , — , — ,8.5,снизили все,,,
2010-03-29 00:00:00, — , — ,2.75,3,3,3.5,3.5, — , — , — , — , — ,3, — , — , — ,5.25,6.25,7.25,7.25,8, — ,5.5, — ,5.5, — ,7,7.5,8,8.25,ставки ЦБ,8.25,7.25,7.25,7.25, — , — , — ,5.5,7,7.5,8, — ,7.25,7.25,7.25,7.75,8.25, — , — , — , — , — , — , — , — , — , — , — , — , — , — ,8.25,"снизили все, ввод депо ПД овернайт",,,
2010-04-30 00:00:00, — , — ,2.5,2.75,2.75,3.25,3.25, — , — , — , — , — ,2.75, — , — , — ,5,6,7,7,7.75, — ,5.25, — ,5.25, — ,6.75,7.25,7.75,8,ставки ЦБ,8,7,7,7, — , — ,5.25, — ,6.75,7.25,7.75, — ,7,7,7,7.5,8, — , — , — , — , — , — , — , — , — , — , — , — , — , — ,8,"снизили все, ввод ломб А 1 нед вместо 2 нед",,,
2010-06-01 00:00:00, — , — ,2.5,2.5,2.5,2.75,2.75, — , — , — , — , — ,2.5, — , — , — ,4.75,5.75,6.75,6.75,7.5, — ,5, — ,5, — ,6.5,7,7.5,7.75,ставки ЦБ,7.75,6.75,6.75,6.75, — , — ,5, — ,6.5,7,7.5, — ,6.75,6.75,6.75,7.25,7.75, — , — , — , — , — , — , — , — , — , — , — , — , — , — ,7.75,"снизили все, с выравниванием депо ПД 1 д и call",,,
2010-12-27 00:00:00, — , — ,2.75,2.75,2.75,3,3, — , — , — , — , — ,2.75, — , — , — ,5,6,6.75,6.75,7.5, — ,5, — ,5, — ,6.5,7,7.5,7.75,ставки ЦБ,7.75,6.75,6.75,6.75, — , — ,5, — ,6.5,7,7.5, — ,6.75,6.75,6.75,7.25,7.75, — , — , — , — , — , — , — , — , — , — , — , — , — , — ,7.75,повысили депо,,,
2011-02-28 00:00:00, — , — ,3,3,3,3,3, — , — , — , — , — ,3, — , — , — ,5,6,6.75,6.75,7.75, — ,5.25, — ,5.25, — ,6.75,7.25,7.75,8,ставки ЦБ,8,6.75,6.75,6.75, — , — ,5.25, — ,6.75,7.25,7.75, — ,7,7,7,7.5,8, — , — , — , — , — , — , — , — , — , — , — , — , — , — ,8,"повысили все, кроме депо А, репо ПД 1 д и 1 нед, ломб ПД (с выравниванием депо ПД 1 д, call и 1 нед)",,,
2011-05-03 00:00:00, — , — ,3.25,3.25,3.25,3.25,3.25, — , — , — , — , — ,3.25, — , — , — ,5.25,6.25,6.75,6.75,8, — ,5.5, — ,5.5, — ,7,7.5,8,8.25,ставки ЦБ,8.25,6.75,6.75,6.75, — , — ,5.5, — ,7,7.5,8, — ,7.25,7.25,7.25,7.75,8.25, — , — , — , — , — , — , — , — , — , — , — , — , — , — ,8.25,"повысили все, кроме репо ПД 1 д и 1 нед, ломб ПД",,,
2011-05-31 00:00:00, — , — ,3.5,3.5,3.5,3.5,3.5, — , — , — , — , — ,3.5, — , — , — ,5.5,6.5,6.75,6.75,8, — ,5.5, — ,5.5, — ,7,7.5,8,8.25,ставки ЦБ,8.25,6.75,6.75,6.75, — , — ,5.5, — ,7,7.5,8, — ,7.25,7.25,7.25,7.75,8.25, — , — , — , — , — , — , — , — , — , — , — , — , — , — ,8.25,повысили депо,,,
2011-08-29 00:00:00, — , — ,3.5,3.5,3.5,3.5,3.5, — , — , — , — , — ,3.5, — , — , — ,5.5,6.5,6.75,6.75,8, — ,5.5, — ,5.5, — ,7,7.5,8,8.25,ставки ЦБ,8.25,6.75,6.75,6.75, — , — ,5.5, — ,7,7.5,8, — ,7.25,7.25,7.25,7.75,8.25, — , — , — , — , — , — ,7,7, — , — , — , — , — , — ,8.25,ввод кредитов ПД 362-П,,,
2011-09-15 00:00:00, — , — ,3.75,3.75,3.75,3.75,3.75, — , — , — , — , — ,3.75, — , — , — ,5.5,6.5,6.5,6.5,7.75, — ,5.25, — ,5.25, — ,6.75,7.25,7.75,8.25,ставки ЦБ,8.25,6.5,6.5,6.5, — , — ,5.25, — ,6.75,7.25,7.75, — ,7,7,7,7.5,8.25, — , — , — , — , — , — ,6.75,6.75, — , — , — , — , — , — ,8.25,"повысили депо ПД, снизили репо и ломб, кр ПД 312-П от 1 до 180 д, кр 362-П",,,
2011-11-01 00:00:00, — , — ,3.75,3.75,3.75,3.75,3.75, — , — , — , — , — ,3.75, — , — , — ,5.5,6.5,6.5,6.5,7.75, — ,5.25, — ,5.25, — ,6.75,7.25,7.75,8.25,ставки ЦБ,8.25,6.5,6.5,6.5, — , — ,5.25, — ,6.75,7.25,7.75, — ,7,7,7,7.5,8.25, — , — , — , — , — , — ,6.75,6.75,7.25, — , — , — , — , — ,8.25,ввод кредитов ПД 362-П от 91 до 180 д,,,
2011-12-26 00:00:00, — , — ,4,4,4,4,4, — , — , — , — , — ,4, — , — , — ,5.5,6.5,6.25,6.25,7.75, — ,5.25, — ,5.25, — ,6.75,7.25,7.75,8,ставки ЦБ,8,6.25,6.25,6.25, — , — ,5.25, — ,6.75,7.25,7.75, — ,7,7,7,7.5,8, — , — , — , — , — , — ,6.75,6.75,7.25, — , — , — , — , — ,8,"повысили депо ПД, снизили репо ПД 1 д и 1 нед, ломб ПД, свопы, кр овернайт, ставку реф, кр ПД 312-П от 181 до 365 д",,,
2012-04-02 00:00:00, — , — ,4,4,4,4,4, — , — , — , — , — ,4, — , — , — ,5.5,6.5,6.25,6.25,7.75, — ,5.25, — ,5.25, — ,6.75,7.25,7.75,8,ставки ЦБ,8,6.25,6.25,6.25, — , — ,5.25, — ,6.75,7.25,7.75, — ,7,7,7,7.5,8, — , — , — , — , — , — ,6.75,6.75,7.25,7.75, — , — , — , — ,8,ввод кредитов 362-П от 181 до 365 д,,,
2012-04-10 00:00:00, — , — ,4,4,4,4,4, — , — , — , — , — ,4, — ,4.75, — ,5.5,6.5,6.25,6.25,7.75, — ,5.25, — ,5.25, — ,6.75,7.25,7.75,8,ставки ЦБ,8,6.25,6.25,6.25, — , — ,5.25, — ,6.75,7.25,7.75, — ,7,7,7,7.5,8, — , — , — , — , — , — ,6.75,6.75,7.25,7.75, — , — , — , — ,8,ввод депо А 1 нед,,,
2012-06-18 00:00:00, — , — ,4,4,4,4,4, — , — , — , — , — ,4, — ,4.75, — ,5.5,6.5,6.25,6.25,7.75, — ,5.25, — ,5.25, — ,6.75,7.25,7.75,6.5,0,8,6.25,6.25,6.25, — , — ,5.25, — ,6.75,7.25,7.75, — ,7,7,7,7.5,8, — , — , — , — , — , — ,6.75,6.75,7.25,7.75, — , — , — , — ,8,"снизили свопы: по рублевой части = репо / ломб ПД 1 д + 0,25, по инвалютной части = 0",,,
2012-07-01 00:00:00, — , — ,4,4,4,4,4, — , — , — ,4, — ,4, — ,4.75, — ,5.5,6.5,6.25,6.25,7.75, — ,5.25, — ,5.25, — ,6.75,7.25,7.75,6.5,0,8,6.25,6.25,6.25, — , — ,5.25, — ,6.75,7.25,7.75, — ,7,7,7,7.5,8, — , — , — , — , — , — ,6.75,6.75,7.25,7.75, — , — , — , — ,8,ввод депо ПД том-1 мес,,,
2012-09-14 00:00:00, — , — ,4.25,4.25,4.25,4.25,4.25, — , — , — ,4.25, — ,4.25, — ,5, — ,5.75,6.75,6.5,6.5,8, — ,5.5, — ,5.5, — ,7,7.5,8,6.75,0,8.25,6.5,6.5,6.5, — , — ,5.5, — ,7,7.5,8, — ,7.25,7.25,7.25,7.75,8.25, — , — , — , — , — , — ,7,7,7.5,8, — , — , — , — ,8.25,повысили все,,,
2012-12-11 00:00:00, — , — ,4.5,4.5,4.5,4.5,4.5, — , — , — ,4.5, — ,4.5, — ,5, — ,5.75,6.75,6.5,6.5,8, — ,5.5, — ,5.5, — ,7,7.5,8,6.5,0,8.25,6.5,6.5,6.5, — , — ,5.5, — ,7,7.5,8, — ,7.25,7.25,7.25,7.75,8.25, — , — , — , — , — , — ,7,7,7.5,8, — , — , — , — ,8.25,"повысили по депо ПД, снизили свопы (= репо / ломб ПД 1 д)",,,
2013-04-03 00:00:00, — , — ,4.5,4.5,4.5,4.5,4.5, — , — , — ,4.5, — ,4.5, — ,5, — ,5.75,6.75,6.5,6.5,7.75, — ,5.5, — ,5.5, — ,6.75,7.25,7.75,6.5,0,8.25,6.5,6.5,6.5, — , — ,5.5, — ,6.75,7.25,7.75, — ,7,7,7,7.5,8, — , — , — , — , — , — ,6.75,6.75,7.25,7.75, — , — , — , — ,8.25,"снизили репо ПД 1 год, репо А 3, 6 и 12 мес, ломб А 3, 6 и 12 мес, кр ПД 312-П, кр 362-П",,,
2013-05-16 00:00:00, — , — ,4.5,4.5,4.5,4.5,4.5, — , — , — ,4.5, — ,4.5, — ,5, — ,5.75,6.5,6.5,6.5,7.5, — ,5.5, — ,5.5, — ,6.5,7,7.5,6.5,0,8.25,6.5,6.5,6.5, — , — ,5.5, — ,6.5,7,7.5, — ,6.75,6.75,6.75,7.25,7.75, — , — , — , — , — , — ,6.5,6.5,7,7.5, — , — , — , — ,8.25,"снизили депо А 3 мес, репо ПД 1 год, репо А 3, 6 и 12 мес, ломб А 3, 6 и 12 мес, кр ПД 312-П, кр 362-П",,,
2013-06-11 00:00:00, — , — ,4.5,4.5,4.5,4.5,4.5, — , — , — ,4.5, — ,4.5, — ,5, — ,5.75,6.5,6.5,6.5,7.25, — ,5.5, — ,5.5, — ,6.5,7,7.25,6.5,0,8.25,6.5,6.5,6.5, — , — ,5.5, — ,6.5,7,7.25, — ,6.75,6.75,6.75,7.25,7.5, — , — , — , — , — , — ,6.5,6.5,7,7.25, — , — , — , — ,8.25,"снизили репо ПД 1 год, репо А 12 мес, ломб А 12 мес, кр ПД 312-П от 181 до 365 д, кр 362-П от 181 до 365 д",,,
2013-07-15 00:00:00, — , — ,4.5,4.5,4.5,4.5,4.5, — , — , — ,4.5, — ,4.5, — ,5, — ,5.75,6.5,6.5,6.5,7.25, — ,5.5, — ,5.5, — ,6.5,7,7.25,6.5,0,8.25,6.5,6.5,6.5, — , — ,5.5, — ,6.5,7,7.25, — ,6.75,6.75,6.75,7.25,7.5, — , — , — , — ,5.75, — ,6.5,6.5,7,7.25, — , — , — , — ,8.25,ввод кр А 312-П 12 мес,,,
2013-09-16 00:00:00,5.5, — ,4.5,4.5,4.5,4.5,4.5, — , — , — ,4.5, — ,4.5, — ,5.5, — ,5.75,6.5,6.5,6.5,7.25, — ,5.5, — ,5.5, — ,6.5,7,7.25,6.5,0,6.5,6.5,6.5,6.5, — , — ,5.5, — ,6.5,7,7.25, — ,6.5,6.75,6.75,7.25,7.5, — , — , — ,5.75,5.75, — ,6.5,6.5,7,7.25, — , — , — , — ,8.25,"повысили депо А 1 нед, снизили кр овернайт, кр 312-П 1 д, ввод КС и кр А № 312-П 3 мес",,,
2014-02-03 00:00:00,5.5,0,4.5,4.5,4.5,4.5,4.5, — , — , — ,4.5, — ,4.5, — ,5.5, — ,5.75,6.5,6.5,6.5,7.25, — , — ,5.5,5.5, — ,6.5,7,7.25,6.5,0,6.5,6.5,6.5,6.5, — , — ,5.5, — ,6.5,7,7.25, — ,6.5,7.25,7.25,7.25,7.25, — , — , — ,5.75,5.75, — ,6.5,7,7,7, — , — , — , — ,8.25,"выравнены ставки кр ПД 312-П свыше 1 д, ставки кр 362-П свыше 1 д, ввод репо А тонкой настройки, отмена репо А 1 д",,,
2014-02-17 00:00:00,5.5,0,4.5,4.5,4.5,4.5,4.5, — , — , — ,4.5, — ,4.5,5.5,5.5, — ,5.75,6.5,6.5,6.5,7.25, — , — ,5.5,5.5, — ,6.5,7,7.25,6.5,0,6.5,6.5,6.5,6.5, — , — ,5.5, — ,6.5,7,7.25, — ,6.5,7.25,7.25,7.25,7.25, — , — , — ,5.75,5.75, — ,6.5,7,7,7, — , — , — , — ,8.25,ввод депо А тонкой настройки,,,
2014-03-03 00:00:00,7,1.5,6,6,6,4.5,4.5, — , — , — ,4.5, — ,6,7,7, — ,5.75,6.5,8,6.5,7.25, — , — ,7,7, — ,6.5,7,7.25,8,0,8,8,6.5,6.5, — , — ,5.5, — ,6.5,7,7.25, — ,8,8.75,8.75,8.75,8.75, — , — , — ,7.25,7.25, — ,8,8.5,8.5,8.5, — , — , — , — ,8.25,,,,
2014-04-04 00:00:00,7,0,6,6,6,6,6, — , — , — ,6, — ,6,7,7, — ,7.25,8,8,8,8.75, — , — ,7,7, — ,8,8.5,8.75,8,0,8,8,8,8, — , — ,7, — ,8,8.5,8.75, — ,8,8.75,8.75,8.75,8.75, — , — , — ,7.25,7.25, — ,8,8.5,8.5,8.5, — , — , — , — ,8.25,повысили ставки по приостановленным операциям,,,
2014-04-28 00:00:00,7.5,0.5,6.5,6.5,6.5,6.5,6.5, — , — , — ,6.5, — ,6.5,7.5,7.5, — ,7.75,8.5,8.5,8.5,9.25, — , — ,7.5,7.5, — ,8.5,9,9.25,8.5,0,8.5,8.5,8.5,8.5, — , — ,7.5, — ,8.5,9,9.25, — ,8.5,9.25,9.25,9.25,9.25, — , — , — ,7.75,7.75, — ,8.5,9,9,9, — , — , — , — ,8.25,,,,
2014-06-30 00:00:00,7.5,0,6.5,6.5,6.5,6.5,6.5, — , — , — ,6.5, — ,6.5,7.5,7.5, — ,7.75,8.5,8.5,8.5,9.25, — , — ,7.5,7.5, — ,8.5,9,9.25,8.5,0,8.5,8.5,8.5,8.5, — , — ,7.5, — ,8.5,9,9.25, — ,8.5,9.25,9.25,9.25,9.25,9.25, — , — ,7.75,7.75, — ,8.5,9,9,9,9, — , — , — ,8.25,ввод кредитов ПД 312-П и 362-П от 365 до 549 д,,,
2014-07-28 00:00:00,8,0.5,7,7,7, — , — , — , — , — , — , — ,7,8,8, — , — , — ,9, — ,9.75, — , — ,8,8, — , — , — , — ,9,0,9,9, — , — , — , — , — , — , — , — , — , — ,9,9.75,9.75,9.75,9.75,9.75, — , — ,8.25,8.25, — ,9,9.5,9.5,9.5,9.5, — , — , — ,8.25,"отмена депо ПД 1 нед и том-1-мес, депо А 1 и 3 мес, репо ПД 1 нед, репо А 3, 6 и 12 мес, ломб ПД 1 нед и 30 д, ломб А на все сроки",,,
2014-10-16 00:00:00,8,0,7,7,7, — , — , — , — , — , — , — ,7,8,8, — , — , — ,9, — ,9.75, — , — ,8,8, — , — , — , — ,9,0,9,9, — , — , — , — , — , — , — , — , — , — ,9,9.75,9.75,9.75,9.75,9.75, — , — ,8.25, — ,8.25,9,9.5,9.5,9.5,9.5, — , — , — ,8.25,"отмена кр А 312-П 12 мес, ввод кр А 312-П 18-мес",,,
2014-11-05 00:00:00,9.5,1.5,8.5,8.5,8.5, — , — , — , — , — , — , — ,8.5,9.5,9.5, — , — , — ,10.5, — ,11.25, — , — ,9.5,9.5, — , — , — , — ,10.5,0,10.5,10.5, — , — , — , — , — , — , — , — , — , — ,10.5,11.25,11.25,11.25,11.25,11.25, — , — ,9.75, — ,9.75,10.5,11,11,11,11, — , — , — ,8.25,,,,
2014-12-01 00:00:00,9.5,0,8.5,8.5,8.5, — , — , — , — , — , — , — ,8.5,9.5,9.5, — , — , — ,10.5, — , — , — , — ,9.5,9.5, — , — , — , — ,10.5,0,10.5,10.5, — , — , — , — , — , — , — , — , — , — ,10.5,11.25,11.25,11.25,11.25,11.25, — , — ,9.75, — ,9.75,10.5,11,11,11,11, — , — , — ,8.25,отмена репо ПД на 1 год,,,
2014-12-11 00:00:00,9.5,0,8.5,8.5,8.5, — , — , — , — , — , — , — ,8.5,9.5,9.5, — , — , — ,11.5, — , — , — , — ,9.5,9.5, — , — , — , — ,10.5,0,10.5,10.5, — , — , — , — , — , — , — , — , — ,9.75,10.5,11.25,11.25,11.25,11.25,11.25, — , — ,9.75, — ,9.75,10.5,11,11,11,11, — , — , — ,8.25,ввод ломб А 36 мес,,,
2014-12-12 00:00:00,10.5,1,9.5,9.5,9.5, — , — , — , — , — , — , — ,9.5,10.5,10.5, — , — , — ,11.5, — , — , — , — ,10.5,10.5, — , — , — , — ,11.5,0,11.5,11.5, — , — , — , — , — , — , — , — , — ,10.75,11.5,12.25,12.25,12.25,12.25,12.25, — , — ,10.75, — ,10.75,11.5,12,12,12,12, — , — , — ,8.25,,,,
2014-12-16 00:00:00,17,6.5,16,16,16, — , — , — , — , — , — , — ,16,17,17, — , — , — ,18, — , — , — , — ,17,17, — , — , — , — ,18,0,18,18, — , — , — , — , — , — , — , — , — ,17.25,18,18.75,18.75,18.75,18.75,18.75, — , — ,17.25, — ,17.25,18,18.5,18.5,18.5,18.5, — , — , — ,8.25,,,,
2014-12-19 00:00:00,17,0,16,16,16, — , — , — , — , — , — , — ,16,17,17, — , — , — ,18, — , — , — , — ,17,17, — , — , — , — ,18,0,18,18, — , — , — , — , — , — , — , — , — ,17.25,18,18.75,18.75,18.75,18.75,18.75, — ,17.25,17.25, — ,17.25,18,18.5,18.5,18.5,18.5, — , — , — ,8.25,ввод кр А 312-П 1-3 нед,,,
2015-02-02 00:00:00,15,-2,14,14,14, — , — , — , — , — , — , — ,14,15,15, — , — , — ,16, — , — , — , — ,15,15, — , — , — , — ,16,0,16,16, — , — , — , — , — , — , — , — , — ,15.25,16,16.75,16.75,16.75,16.75,16.75, — ,15.25,15.25, — ,15.25,16,16.5,16.5,16.5,16.5, — , — , — ,8.25,,,,
2015-03-16 00:00:00,14,-1,13,13,13, — , — , — , — , — , — , — ,13,14,14, — , — , — ,15, — , — , — , — ,14,14, — , — , — , — ,15,0,15,15, — , — , — , — , — , — , — , — , — ,14.25,15,15.75,15.75,15.75,15.75,15.75, — ,14.25,14.25, — ,14.25,15,15.5,15.5,15.5,15.5, — , — , — ,8.25,,,,
2015-05-05 00:00:00,12.5,-1.5,11.5,11.5,11.5, — , — , — , — , — , — , — ,11.5,12.5,12.5, — , — , — ,13.5, — , — , — , — ,12.5,12.5, — , — , — , — ,13.5,0,13.5,13.5, — , — , — , — , — , — , — , — , — ,12.75,13.5,14.25,14.25,14.25,14.25,14.25, — ,12.75,12.75, — ,12.75,13.5,14,14,14,14, — , — , — ,8.25,,,,
2015-06-16 00:00:00,11.5,-1,10.5,10.5,10.5, — , — , — , — , — , — , — ,10.5,11.5,11.5, — , — , — ,12.5, — , — , — , — ,11.5,11.5, — , — , — , — ,12.5,0,12.5,12.5, — , — , — , — , — , — , — , — , — ,11.75,12.5,13.25,13.25,13.25,13.25,13.25, — ,11.75,11.75, — ,11.75,12.5,13,13,13,13, — , — , — ,8.25,,,,
2015-08-03 00:00:00,11,-0.5,10,10,10, — , — , — , — , — , — , — ,10,11,11, — , — , — ,12, — , — , — , — ,11,11, — , — , — , — ,12,0,12,12, — , — , — , — , — , — , — , — , — ,11.25,12,12.75,12.75,12.75,12.75,12.75, — ,11.25,11.25, — ,11.25,12,12.5,12.5,12.5,12.5, — , — , — ,8.25,,,,
2016-01-01 00:00:00,11,0,10,10,10, — , — , — , — , — , — , — ,10,11,11, — , — , — ,12, — , — , — , — ,11,11, — , — , — , — ,12,0,12,12, — , — , — , — , — , — , — , — , — ,11.25,12,12.75,12.75,12.75,12.75,12.75, — ,11.25,11.25, — ,11.25,12,12.5,12.5,12.5,12.5, — , — , — ,11,ставка реф = КС,,,
2016-06-14 00:00:00,10.5,-0.5,9.5,9.5,9.5, — , — , — , — , — , — , — ,9.5,10.5,10.5, — , — , — ,11.5, — , — , — , — ,10.5,10.5, — , — , — , — ,11.5,0,11.5,11.5, — , — , — , — , — , — , — , — , — ,10.75,11.5,12.25,12.25,12.25,12.25,12.25, — ,10.75,10.75, — ,10.75,11.5,12,12,12,12, — , — , — ,10.5,,,,
2016-09-19 00:00:00,10,-0.5,9,9,9, — , — , — , — , — , — , — ,9,10,10, — , — , — ,11, — , — , — , — ,10,10, — , — , — , — ,11,0,11,11, — , — , — , — , — , — , — , — , — ,10.25,11,11.75,11.75,11.75,11.75,11.75, — ,10.25,10.25, — ,10.25,11,11.5,11.5,11.5,11.5, — , — , — ,10,,,,
2016-12-23 00:00:00,10,0,9,9,9, — , — , — , — , — , — , — ,9,10,10, — , — , — ,11, — , — , — , — ,10,10, — , — , — , — ,11,libor,11,11, — , — , — , — , — , — , — , — , — ,10.25,11,11.75,11.75,11.75,11.75,11.75, — ,10.25,10.25, — ,10.25,11,11.5,11.5,11.5,11.5, — , — , — ,10,ставка по инвалютной части свопов = либор,,,
2017-03-27 00:00:00,9.75,-0.25,8.75,8.75,8.75, — , — , — , — , — , — , — ,8.75,9.75,9.75, — , — , — ,10.75, — , — , — , — ,9.75,9.75, — , — , — , — ,10.75,libor,10.75,10.75, — , — , — , — , — , — , — , — , — ,10,10.75,11.5,11.5,11.5,11.5,11.5, — ,10,10, — ,10,10.75,11.25,11.25,11.25,11.25, — , — , — ,9.75,,,,
2017-05-02 00:00:00,9.25,-0.5,8.25,8.25,8.25, — , — , — , — , — , — , — ,8.25,9.25,9.25, — , — , — ,10.25, — , — , — , — ,9.25,9.25, — , — , — , — ,10.25,libor,10.25,10.25, — , — , — , — , — , — , — , — , — ,9.5,10.25,11,11,11,11,11, — ,9.5,9.5, — ,9.5,10.25,10.75,10.75,10.75,10.75, — , — , — ,9.25,,,,
2017-06-19 00:00:00,9,-0.25,8,8,8, — , — , — , — , — , — , — ,8,9,9, — , — , — ,10, — , — , — , — ,9,9, — , — , — , — ,10,libor,10,10, — , — , — , — , — , — , — , — , — ,9.25,10,10.75,10.75,10.75,10.75,10.75, — ,9.25,9.25, — ,9.25,10,10.5,10.5,10.5,10.5, — , — , — ,9,,,,
2017-07-16 00:00:00,9,0,8,8,8, — , — , — , — , — , — , — ,8,9,9, — , — , — ,10, — , — , — , — ,9,9, — , — , — , — ,10,libor,10,10, — , — , — , — , — , — , — , — , — ,9.25,10,10.75,10.75,10.75,10.75,10.75, — ,9.25,9.25, — ,9.25, — , — , — , — , — , — , — , — ,9,отмена кредитов 362-П,,,
2017-09-18 00:00:00,8.5,-0.5,7.5,7.5,7.5, — , — , — , — , — , — , — ,7.5,8.5,8.5, — , — , — ,9.5, — , — , — , — ,8.5,8.5, — , — , — , — ,9.5,libor,9.5,9.5, — , — , — , — , — , — , — , — , — ,8.75,9.5,10.25,10.25,10.25,10.25,10.25, — ,8.75,8.75, — ,8.75, — , — , — , — , — , — , — , — ,8.5,,,,
2017-10-30 00:00:00,8.25,-0.25,7.25,7.25,7.25, — , — , — , — , — , — , — ,7.25,8.25,8.25, — , — , — ,9.25, — , — , — , — ,8.25,8.25, — , — , — , — ,9.25,libor,9.25,9.25, — , — , — , — , — , — , — , — , — ,8.5,9.25,10,10,10,10,10, — ,8.5,8.5, — ,8.5, — , — , — , — , — , — , — , — ,8.25,,,,
2017-12-18 00:00:00,7.75,-0.5,6.75,6.75,6.75, — , — , — , — , — , — , — ,6.75,7.75,7.75, — , — , — ,8.75, — , — , — , — ,7.75,7.75, — , — , — , — ,8.75,libor,8.75,8.75, — , — , — , — , — , — , — , — , — ,8,8.75,9.5,9.5,9.5,9.5,9.5, — ,8,8, — ,8, — , — , — , — , — , — , — , — ,7.75,,,,
2018-02-12 00:00:00,7.5,-0.25,6.5,6.5,6.5, — , — , — , — , — , — , — ,6.5,7.5,7.5, — , — , — ,8.5, — , — , — , — ,7.5,7.5, — , — , — , — ,8.5,libor,8.5,8.5, — , — , — , — , — , — , — , — , — ,7.75,8.5,9.25,9.25,9.25,9.25,9.25, — ,7.75,7.75, — ,7.75, — , — , — , — , — , — , — , — ,7.5,,,,
2018-03-26 00:00:00,7.25,-0.25,6.25,6.25,6.25, — , — , — , — , — , — , — ,6.25,7.25,7.25, — , — , — ,8.25, — , — , — , — ,7.25,7.25, — , — , — , — ,8.25,libor,8.25,8.25, — , — , — , — , — , — , — , — , — ,7.5,8.25,9,9,9,9,9, — ,7.5,7.5, — ,7.5, — , — , — , — , — , — , — , — ,7.25,,,,
2018-09-17 00:00:00,7.5,0.25,6.5,6.5,6.5, — , — , — , — , — , — , — ,6.5,7.5,7.5, — , — , — ,8.5, — , — , — , — ,7.5,7.5, — , — , — , — ,8.5,libor,8.5,8.5, — , — , — , — , — , — , — , — , — ,7.75,8.5,9.25,9.25,9.25,9.25,9.25, — ,7.75,7.75, — ,7.75, — , — , — , — , — , — , — , — ,7.5,,,,
2018-12-17 00:00:00,7.75,0.25,6.75,6.75,6.75, — , — , — , — , — , — , — ,6.75,7.75,7.75, — , — , — ,8.75, — , — , — , — ,7.75,7.75, — , — , — , — ,8.75,libor,8.75,8.75, — , — , — , — , — , — , — , — , — ,8,8.75,9.5,9.5,9.5,9.5,9.5, — ,8,8, — ,8, — , — , — , — , — , — , — , — ,7.75,,,,
2019-03-03 00:00:00,7.75,0,6.75, — , — , — , — , — , — , — , — , — , — ,7.75,7.75, — , — , — ,8.75, — , — , — , — ,7.75,7.75, — , — , — , — ,8.75,libor,8.75,8.75, — , — , — , — , — , — , — , — , — ,8,8.75,9.5,9.5,9.5,9.5,9.5, — ,8,8, — ,8, — , — , — , — , — , — , — , — ,7.75,"отмена депо ПД том-некст, спот-некст, call",,,
2019-06-17 00:00:00,7.5,-0.25,6.5, — , — , — , — , — , — , — , — , — , — ,7.5,7.5, — , — , — ,8.5, — , — , — , — ,7.5,7.5, — , — , — , — ,8.5,libor,8.5,8.5, — , — , — , — , — , — , — , — , — ,7.75,8.5,9.25,9.25,9.25,9.25,9.25, — ,7.75,7.75, — ,7.75, — , — , — , — , — , — , — , — ,7.5,,,,
2019-07-29 00:00:00,7.25,-0.25,6.25, — , — , — , — , — , — , — , — , — , — ,7.25,7.25, — , — , — ,8.25, — , — , — , — ,7.25,7.25, — , — , — , — ,8.25,libor,8.25,8.25, — , — , — , — , — , — , — , — , — , — ,8.25,9,9,9,9,9, — , — ,7.5, — , — , — , — , — , — , — , — , — , — ,7.25,"отмена кр А 312-П 1-3 нед, 18 мес, ломб А 36 мес",,,
2019-09-09 00:00:00,7,-0.25,6, — , — , — , — , — , — , — , — , — , — ,7,7, — , — , — ,8, — , — , — , — ,7,7, — , — , — , — ,8,libor,8,8, — , — , — , — , — , — , — , — , — , — ,8,8.75,8.75,8.75,8.75,8.75, — , — ,7.25, — , — , — , — , — , — , — , — , — , — ,7,,,,
2019-10-28 00:00:00,6.5,-0.5,5.5, — , — , — , — , — , — , — , — , — , — ,6.5,6.5, — , — , — ,7.5, — , — , — , — ,6.5,6.5, — , — , — , — ,7.5,libor,7.5,7.5, — , — , — , — , — , — , — , — , — , — ,7.5,8.25,8.25,8.25,8.25,8.25, — , — ,6.75, — , — , — , — , — , — , — , — , — , — ,6.5,,,,
2019-12-16 00:00:00,6.25,-0.25,5.25, — , — , — , — , — , — , — , — , — , — ,6.25,6.25, — , — , — ,7.25, — , — , — , — ,6.25,6.25, — , — , — , — ,7.25,libor,7.25,7.25, — , — , — , — , — , — , — , — , — , — ,7.25,8,8,8,8,8, — , — ,6.5, — , — , — , — , — , — , — , — , — , — ,6.25,,,,
2020-02-10 00:00:00,6,-0.25,5, — , — , — , — , — , — , — , — , — , — ,6,6, — , — , — ,7, — , — , — , — ,6,6, — , — , — , — ,7,libor,7,7, — , — , — , — , — , — , — , — , — , — ,7,7.75,7.75,7.75,7.75,7.75, — , — ,6.25, — , — , — , — , — , — , — , — , — , — ,6,,,,
2020-04-27 00:00:00,5.5,-0.5,4.5, — , — , — , — , — , — , — , — , — , — ,5.5,5.5, — , — , — ,6.5, — , — , — , — ,5.5,5.5, — , — , — , — ,6.5,libor,6.5,6.5, — , — , — , — , — , — , — , — , — , — ,6.5,7.25,7.25,7.25,7.25,7.25, — , — ,5.75, — , — , — , — , — , — , — , — , — , — ,5.5,,,,
2020-05-14 00:00:00,5.5,0,4.5, — , — , — , — , — , — , — , — , — , — ,5.5,5.5, — , — , — ,6.5, — , — , — , — ,5.5,5.5,5.6, — , — ,5.75,6.5,libor,6.5,6.5, — , — , — , — , — , — , — , — , — , — ,6.5,7.25,7.25,7.25,7.25,7.25, — , — ,5.75, — , — , — , — , — , — , — , — , — , — ,5.5,ввод репо А 1 мес и 1 год,,,
2020-06-22 00:00:00,4.5,-1,3.5, — , — , — , — , — , — , — , — , — , — ,4.5,4.5, — , — , — ,5.5, — , — , — , — ,4.5,4.5,4.6, — , — ,4.75,5.5,libor,5.5,5.5, — , — , — , — , — , — , — , — , — , — ,5.5,6.25,6.25,6.25,6.25,6.25, — , — ,4.75, — , — , — , — , — , — , — , — , — , — ,4.5,,,,
2020-07-27 00:00:00,4.25,-0.25,3.25, — , — , — , — , — , — , — , — , — , — ,4.25,4.25, — , — , — ,5.25, — , — , — , — ,4.25,4.25,4.35, — , — ,4.5,5.25,libor,5.25,5.25, — , — , — , — , — , — , — , — , — , — ,5.25,6,6,6,6,6, — , — ,4.5, — , — , — , — , — , — , — , — , — , — ,4.25,,,,
2021-03-22 00:00:00,4.5,0.25,3.5, — , — , — , — , — , — , — , — , — , — ,4.5,4.5, — , — , — ,5.5, — , — , — , — ,4.5,4.5,4.6, — , — ,4.75,5.5,libor,5.5,5.5, — , — , — , — , — , — , — , — , — , — ,5.5,6.25,6.25,6.25,6.25,6.25, — , — ,4.75, — , — , — , — , — , — , — , — , — , — ,4.5,,,,
2021-04-26 00:00:00,5,0.5,4, — , — , — , — , — , — , — , — , — , — ,5,5, — , — , — ,6, — , — , — , — ,5,5,5.1, — , — ,5.25,6,libor,6,6, — , — , — , — , — , — , — , — , — , — ,6,6.75,6.75,6.75,6.75,6.75, — , — ,5.25, — , — , — , — , — , — , — , — , — , — ,5,,,,
2021-06-15 00:00:00,5.5,0.5,4.5, — , — , — , — , — , — , — , — , — , — ,5.5,5.5, — , — , — ,6.5, — , — , — , — ,5.5,5.5,5.6, — , — ,5.75,6.5,libor,6.5,6.5, — , — , — , — , — , — , — , — , — , — ,6.5,7.25,7.25,7.25,7.25,7.25, — , — ,5.75, — , — , — , — , — , — , — , — , — , — ,5.5,,,,
2021-07-26 00:00:00,6.5,1,5.5, — , — , — , — , — , — , — , — , — , — ,6.5,6.5, — , — , — ,7.5, — , — , — , — ,6.5,6.5,6.6, — , — ,6.75,7.5,libor,7.5,7.5, — , — , — , — , — , — , — , — , — , — ,7.5,8.25,8.25,8.25,8.25,8.25, — , — ,6.75, — , — , — , — , — , — , — , — , — , — ,6.5,,,,
2021-09-13 00:00:00,6.75,0.25,5.75, — , — , — , — , — , — , — , — , — , — ,6.75,6.75, — , — , — ,7.75, — , — , — , — ,6.75,6.75,6.85, — , — ,7,7.75,libor,7.75,7.75, — , — , — , — , — , — , — , — , — , — ,7.75,8.5,8.5,8.5,8.5,8.5, — , — ,7, — , — , — , — , — , — , — , — , — , — ,6.75,,,,
2021-10-25 00:00:00,7.5,0.75,6.5, — , — , — , — , — , — , — , — , — , — ,7.5,7.5, — , — , — ,8.5, — , — , — , — ,7.5,7.5,7.6, — , — ,7.75,8.5,libor,8.5,8.5, — , — , — , — , — , — , — , — , — , — ,8.5,9.25,9.25,9.25,9.25,9.25, — , — ,7.75, — , — , — , — , — , — , — , — , — , — ,7.5,,,,
2021-12-20 00:00:00,8.5,1,7.5, — , — , — , — , — , — , — , — , — , — ,8.5,8.5, — , — , — ,9.5, — , — , — , — ,8.5,8.5,8.6, — , — ,8.75,9.5,libor,9.5,9.5, — , — , — , — , — , — , — , — , — , — ,9.5,10.25,10.25,10.25,10.25,10.25, — , — ,8.75, — , — , — , — , — , — , — , — , — , — ,8.5,,,,
2022-01-01 00:00:00,8.5,0,7.5, — , — , — , — , — , — , — , — , — , — ,8.5,8.5, — , — , — ,9.5, — , — , — , — ,8.5,8.5,8.6, — , — ,8.75,9.5,"sofr, estr",9.5,9.5, — , — , — , — , — , — , — , — , — , — ,9.5,10.25,10.25,10.25,10.25,10.25, — , — ,8.75, — , — , — , — , — , — , — , — , — , — ,8.5,"ставка по инвалютной части свопов = sofr, estr ",,,
2022-02-14 00:00:00,9.5,1,8.5, — , — , — , — , — , — , — , — , — , — ,9.5,9.5, — , — , — ,10.5, — , — , — , — ,9.5,9.5,9.6, — , — ,9.75,10.5,"sofr, estr",10.5,10.5, — , — , — , — , — , — , — , — , — , — ,10.5,11.25,11.25,11.25,11.25,11.25, — , — ,9.75, — , — , — , — , — , — , — , — , — , — ,9.5,,,,
2022-02-28 00:00:00,20,10.5,19, — , — , — , — , — , — , — , — , — , — ,20,20, — , — , — ,21, — , — , — , — ,20,20,20.1, — , — ,20.25,21,"sofr, estr",21,21, — , — , — , — , — , — , — , — , — , — ,21,21.75,21.75,21.75,21.75,21.75, — , — ,20.25, — , — , — , — , — , — , — , — , — , — ,20,,,,
2022-03-01 00:00:00,20,0,19, — , — , — , — , — , — , — , — , — , — ,20,20, — , — , — ,21, — , — , — , — ,20,20,20.1, — , — ,20.25,21,"sofr, estr",21,21, — , — , — , — , — , — , — , — , — , — ,21,21,21,21.75,21.75,21.75, — , — ,20.25, — , — , — , — , — , — , — , — , — , — ,20,снизили кр ПД 312-П от 2 до 90 д,,,
2022-03-25 00:00:00,20,0,19, — , — , — , — , — , — , — , — , — , — ,20,20, — , — , — ,22, — , — , — , — ,20,20,20.1, — , — ,20.25,21,"sofr, estr",21,21, — , — ,21,21, — , — , — , — , — , — ,21,21,21,21.75,21.75,21.75, — , — ,20.25, — , — , — , — , — , — , — , — , — , — ,20,ввод ломб ПД от 2 до 90 д,,,
2022-04-11 00:00:00,17,-3,16, — , — , — , — , — , — , — , — , — , — ,17,17, — , — , — ,18, — , — , — , — ,17,17,17.1, — , — ,17.25,18,"sofr, estr",18,18, — , — ,18,18, — , — , — , — , — , — ,18,18,18,18.75,18.75,18.75, — , — ,17.25, — , — , — , — , — , — , — , — , — , — ,17,,,,
2022-05-04 00:00:00,14,-3,13, — , — , — , — , — , — , — , — , — , — ,14,14, — , — , — ,15, — , — , — , — ,14,14,14.1, — , — ,14.25,15,"sofr, estr",15,15, — , — ,15,15, — , — , — , — , — , — ,15,15,15,15.75,15.75,15.75, — , — ,14.25, — , — , — , — , — , — , — , — , — , — ,14,,,,
2022-05-27 00:00:00,11,-3,10, — , — , — , — , — , — , — , — , — , — ,11,11, — , — , — ,12, — , — , — , — ,11,11,11.1, — , — ,11.25,12,"sofr, estr",12,12, — , — ,12,12, — , — , — , — , — , — ,12,12,12,12.75,12.75,12.75, — , — ,11.25, — , — , — , — , — , — , — , — , — , — ,11,,,,
2022-06-14 00:00:00,9.5,-1.5,8.5, — , — , — , — , — , — , — , — , — , — ,9.5,9.5, — , — , — ,10.5, — , — , — , — ,9.5,9.5,9.6, — , — ,9.75,10.5,"sofr, estr",10.5,10.5, — , — ,10.5,10.5, — , — , — , — , — , — ,10.5,10.5,10.5,11.25,11.25,11.25, — , — ,9.75, — , — , — , — , — , — , — , — , — , — ,9.5,,,,
2022-07-25 00:00:00,8,-1.5,7, — , — , — , — , — , — , — , — , — , — ,8,8, — , — , — ,9, — , — , — , — ,8,8,8.1, — , — ,8.25,9,"sofr, estr",9,9, — , — ,9,9, — , — , — , — , — , — ,9,9,9,9.75,9.75,9.75, — , — ,8.25, — , — , — , — , — , — , — , — , — , — ,8,,,,
2022-09-19 00:00:00,7.5,-0.5,6.5, — , — , — , — , — , — , — , — , — , — ,7.5,7.5, — , — , — ,8.5, — , — , — , — ,7.5,7.5,7.6, — , — ,7.75,8.5,"sofr, estr",8.5,8.5, — , — ,8.5,8.5, — , — , — , — , — , — ,8.5,8.5,8.5,9.25,9.25,9.25, — , — ,7.75, — , — , — , — , — , — , — , — , — , — ,7.5,,,,
2023-07-24 00:00:00,8.5,1,7.5, — , — , — , — , — , — , — , — , — , — ,8.5,8.5, — , — , — ,9.5, — , — , — , — ,8.5,8.5,8.6, — , — ,8.75,9.5,"sofr, estr",9.5,9.5, — , — ,9.5,9.5, — , — , — , — , — , — ,9.5,9.5,9.5,10.25,10.25,10.25, — , — ,8.75, — , — , — , — , — , — , — , — , — , — ,8.5,,,,
2023-08-15 00:00:00,12,3.5,11, — , — , — , — , — , — , — , — , — , — ,12,12, — , — , — ,13, — , — , — , — ,12,12,12.1, — , — ,12.25,13,"sofr, estr",13,13, — , — ,13,13, — , — , — , — , — , — ,13,13,13,13.75,13.75,13.75, — , — ,12.25, — , — , — , — , — , — , — , — , — , — ,12,,,,
2023-09-18 00:00:00,13,1,12, — , — , — , — , — , — , — , — , — , — ,13,13, — , — , — ,14, — , — , — , — ,13,13,13.1, — , — ,13.25,14,"sofr, estr",14,14, — , — ,14,14, — , — , — , — , — , — ,14,14,14,14.75,14.75,14.75, — , — ,13.25, — , — , — , — , — , — , — , — , — , — ,13,,,,
2023-10-16 00:00:00,13,0,12, — , — , — , — , — , — , — , — , — , — ,13,13, — , — , — ,14, — , — ,14.75, — ,13,13,13.1, — , — ,13.25,14,"sofr, estr",14,14, — , — ,14, — , — , — , — , — , — , — ,14,14, — , — , — , — ,14.75, — ,13.25, — , — , — , — , — , — , — , — , — , — ,13,ввод ОМ и ДМ,,,
2023-10-30 00:00:00,15,2,14, — , — , — , — , — , — , — , — , — , — ,15,15, — , — , — ,16, — , — ,16.75, — ,15,15,15.1, — , — ,15.25,16,"sofr, estr",16,16, — , — ,16, — , — , — , — , — , — , — ,16,16, — , — , — , — ,16.75, — ,15.25, — , — , — , — , — , — , — , — , — , — ,15,,,,
2023-12-18 00:00:00,16,1,15, — , — , — , — , — , — , — , — , — , — ,16,16, — , — , — ,17, — , — ,17.75, — ,16,16,16.1, — , — ,16.25,17,"sofr, estr",17,17, — , — ,17, — , — , — , — , — , — , — ,17,17, — , — , — , — ,17.75, — ,16.25, — , — , — , — , — , — , — , — , — , — ,16,,,,
2024-07-29 00:00:00,18,2,17, — , — , — , — , — , — , — , — , — , — ,18,18, — , — , — ,19, — , — ,19.75, — ,18,18,18.1, — , — ,18.25,19,"sofr, estr",19,19, — , — ,19, — , — , — , — , — , — , — ,19,19, — , — , — , — ,19.75, — ,18.25, — , — , — , — , — , — , — , — , — , — ,18,,,,
2024-09-16 00:00:00,19,1,18, — , — , — , — , — , — , — , — , — , — ,19,19, — , — , — ,20, — , — ,20.75, — ,19,19,19.1, — , — ,19.25,20,"sofr, estr",20,20, — , — ,20, — , — , — , — , — , — , — ,20,20, — , — , — , — ,20.75, — ,19.25, — , — , — , — , — , — , — , — , — , — ,19,,,,
2024-10-28 00:00:00,21,2,20, — , — , — , — , — , — , — , — , — , — ,21,21, — , — , — ,22, — , — ,22.75, — ,21,21,21.1, — , — ,21.25,22,"sofr, estr",22,22, — , — ,22, — , — , — , — , — , — , — ,22,22, — , — , — , — ,22.75, — ,21.25, — , — , — , — , — , — , — , — , — , — ,21,,,,
2025-06-09 00:00:00,20,-1,19, — , — , — , — , — , — , — , — , — , — ,20,20, — , — , — ,21, — , — ,21.75, — ,20,20,20.1, — , — ,20.25,21,"sofr, estr",21,21, — , — ,21, — , — , — , — , — , — , — ,21,21, — , — , — , — ,21.75, — ,20.25, — , — , — , — , — , — , — , — , — , — ,20,,,,
2025-07-28 00:00:00,18,-2,17, — , — , — , — , — , — , — , — , — , — ,18,18, — , — , — ,19, — , — ,19.75, — ,18,18,18.1, — , — ,18.25,19,"sofr, estr",19,19, — , — ,19, — , — , — , — , — , — , — ,19,19, — , — , — , — ,19.75, — ,18.25, — , — , — , — , — , — , — , — , — , — ,18,,,,
2025-09-15 00:00:00,17,-1,16, — , — , — , — , — , — , — , — , — , — ,17,17, — , — , — ,18, — , — ,18.75, — ,17,17,17.1, — , — ,17.25,18,"sofr, estr",18,18, — , — ,18, — , — , — , — , — , — , — ,18,18, — , — , — , — ,18.75, — ,17.25, — , — , — , — , — , — , — , — , — , — ,17,,,,
2025-10-27 00:00:00,16.5,-0.5,15.5, — , — , — , — , — , — , — , — , — , — ,16.5,16.5, — , — , — ,17.5, — , — ,18.25, — ,16.5,16.5,16.6, — , — ,16.75,17.5,"sofr, estr",17.5,17.5, — , — ,17.5, — , — , — , — , — , — , — ,17.5,17.5, — , — , — , — ,18.25, — ,16.75, — , — , — , — , — , — , — , — , — , — ,16.5,,,,
2025-12-22 00:00:00,16,-0.5,15, — , — , — , — , — , — , — , — , — , — ,16,16, — , — , — ,17, — , — ,17.75, — ,16,16,16.1, — , — ,16.25,17,"sofr, estr",17,17, — , — ,17, — , — , — , — , — , — , — ,17,17, — , — , — , — ,17.75, — ,16.25, — , — , — , — , — , — , — , — , — , — ,16,,,,
2026-02-16 00:00:00,15.5,-0.5,14.5, — , — , — , — , — , — , — , — , — , — ,15.5,15.5, — , — , — ,16.5, — , — ,17.25, — ,15.5,15.5,15.6, — , — ,15.75,16.5,"sofr, estr",16.5,16.5, — , — ,16.5, — , — , — , — , — , — , — ,16.5,16.5, — , — , — , — ,17.25, — ,15.75, — , — , — , — , — , — , — , — , — , — ,15.5,,,,
2026-03-23 00:00:00,15,-0.5,14, — , — , — , — , — , — , — , — , — , — ,15,15, — , — , — ,16, — , — ,16.75, — ,15,15,15.1, — , — ,15.25,16,"sofr, estr",16,16, — , — ,16, — , — , — , — , — , — , — ,16,16, — , — , — , — ,16.75, — ,15.25, — , — , — , — , — , — , — , — , — , — ,15,,,,
,,,,,,,,,,,,,,,,,,,,,,,,,,,,,,,,,,,,,,,,,,,,,,,,,,,,,,,,,,,,,,,,,,,
* Также процентные ставки по дополнительному механизму предоставления ликвидности (c 16.10.2023); установлены Банком России (Советом директоров Банка России — с 17.02.2003). ,,,,,,,,,,,,,,,,,,,,,,,,,,,,,,,,,,,,,,,,,,,,,,,,,,,,,,,,,,,,,,,,,,,
** Ставка Libor по кредитам в соответствующей иностранной валюте на срок 1 день.,,,,,,,,,,,,,,,,,,,,,,,,,,,,,,,,,,,,,,,,,,,,,,,,,,,,,,,,,,,,,,,,,,,
,,,,,,,,,,,,,,,,,,,,,,,,,,,,,,,,,,,,,,,,,,,,,,,,,,,,,,,,,,,,,,,,,,,
"Ставки по кредитам и репо постоянного действия на сроки свыше 1 дня являются плавающими (по репо - с 16.10.2023, по кредитам - с 16.12.2014, на сроки свыше 90 дней - с 30.06.2014). ",,,,,,,,,,,,,,,,,,,,,,,,,,,,,,,,,,,,,,,,,,,,,,,,,,,,,,,,,,,,,,,,,,,
"Ставки по совершенным операциям репо и предоставленным кредитам на длительные сроки по итогам аукционов являются плавающими (по репо на срок 1 год - с 14.05.2020, по репо на срок 1 месяц - с 09.01.2023).  ",,,,,,,,,,,,,,,,,,,,,,,,,,,,,,,,,,,,,,,,,,,,,,,,,,,,,,,,,,,,,,,,,,,
,,,,,,,,,,,,,,,,,,,,,,,,,,,,,,,,,,,,,,,,,,,,,,,,,,,,,,,,,,,,,,,,,,,
Список сокращений: ,,,,,,,,,,,,,,,,,,,,,,,,,,,,,,,,,,,,,,,,,,,,,,,,,,,,,,,,,,,,,,,,,,,
ОМ - Основной механизм предоставления ликвидности,,,,,,,,,,,,,,,,,,,,,,,,,,,,,,,,,,,,,,,,,,,,,,,,,,,,,,,,,,,,,,,,,,,
ДМ - Дополнительный механизм предоставления ликвидности,,,,,,,,,,,,,,,,,,,,,,,,,,,,,,,,,,,,,,,,,,,,,,,,,,,,,,,,,,,,,,,,,,,
ПД - постоянного действия,,,,,,,,,,,,,,,,,,,,,,,,,,,,,,,,,,,,,,,,,,,,,,,,,,,,,,,,,,,,,,,,,,,
А - аукционы,,,,,,,,,,,,,,,,,,,,,,,,,,,,,,,,,,,,,,,,,,,,,,,,,,,,,,,,,,,,,,,,,,,
КС - ключевая ставка,,,,,,,,,,,,,,,,,,,,,,,,,,,,,,,,,,,,,,,,,,,,,,,,,,,,,,,,,,,,,,,,,,,
депо - депозиты,,,,,,,,,,,,,,,,,,,,,,,,,,,,,,,,,,,,,,,,,,,,,,,,,,,,,,,,,,,,,,,,,,,
кр - кредиты,,,,,,,,,,,,,,,,,,,,,,,,,,,,,,,,,,,,,,,,,,,,,,,,,,,,,,,,,,,,,,,,,,,
ломб - ломбардные кредиты / ломбардный кредитный,,,,,,,,,,,,,,,,,,,,,,,,,,,,,,,,,,,,,,,,,,,,,,,,,,,,,,,,,,,,,,,,,,,
срвзв - средневзвешенный,,,,,,,,,,,,,,,,,,,,,,,,,,,,,,,,,,,,,,,,,,,,,,,,,,,,,,,,,,,,,,,,,,,
реф - рефинансирования,,,,,,,,,,,,,,,,,,,,,,,,,,,,,,,,,,,,,,,,,,,,,,,,,,,,,,,,,,,,,,,,,,,
call - до востребования,,,,,,,,,,,,,,,,,,,,,,,,,,,,,,,,,,,,,,,,,,,,,,,,,,,,,,,,,,,,,,,,,,,
д - день,,,,,,,,,,,,,,,,,,,,,,,,,,,,,,,,,,,,,,,,,,,,,,,,,,,,,,,,,,,,,,,,,,,
нед - неделя,,,,,,,,,,,,,,,,,,,,,,,,,,,,,,,,,,,,,,,,,,,,,,,,,,,,,,,,,,,,,,,,,,,
мес - месяц,,,,,,,,,,,,,,,,,,,,,,,,,,,,,,,,,,,,,,,,,,,,,,,,,,,,,,,,,,,,,,,,,,,
кал - календарный,,,,,,,,,,,,,,,,,,,,,,,,,,,,,,,,,,,,,,,,,,,,,,,,,,,,,,,,,,,,,,,,,,,
